row_id,comment,human_response_reference,restaurant,period,Gpt4_Generated_Response_Persona_acolhedora_e_informal__generated_response,Gpt4_Generated_Response_Persona_acolhedora_e_informal__token_count,Gpt4_Generated_Response_Persona_acolhedora_e_informal__mean_nll_per_token,Gpt4_Generated_Response_Persona_acolhedora_e_informal__perplexity,Gpt4_Generated_Response_Persona_acolhedora_e_informal__inverse_perplexity_0_1,Gpt4_Generated_Response_Persona_acolhedora_e_informal__valid_for_fluency,Gpt4_Generated_Response_Persona_acolhedora_e_informal__score_error,Gpt4_Generated_Response_Persona_acolhedora_e_informal__score_error_message,Gemini_Generated_Response_Persona_acolhedora_e_informal__generated_response,Gemini_Generated_Response_Persona_acolhedora_e_informal__token_count,Gemini_Generated_Response_Persona_acolhedora_e_informal__mean_nll_per_token,Gemini_Generated_Response_Persona_acolhedora_e_informal__perplexity,Gemini_Generated_Response_Persona_acolhedora_e_informal__inverse_perplexity_0_1,Gemini_Generated_Response_Persona_acolhedora_e_informal__valid_for_fluency,Gemini_Generated_Response_Persona_acolhedora_e_informal__score_error,Gemini_Generated_Response_Persona_acolhedora_e_informal__score_error_message,Llama3_Generated_Response_Persona_acolhedora_e_informal__generated_response,Llama3_Generated_Response_Persona_acolhedora_e_informal__token_count,Llama3_Generated_Response_Persona_acolhedora_e_informal__mean_nll_per_token,Llama3_Generated_Response_Persona_acolhedora_e_informal__perplexity,Llama3_Generated_Response_Persona_acolhedora_e_informal__inverse_perplexity_0_1,Llama3_Generated_Response_Persona_acolhedora_e_informal__valid_for_fluency,Llama3_Generated_Response_Persona_acolhedora_e_informal__score_error,Llama3_Generated_Response_Persona_acolhedora_e_informal__score_error_message
0,"Infelizmente minha visita não foi boa. Atendimento confuso, demora e pouca atenção da equipe.","Olá! Agradecemos por nos contar o que aconteceu. Sabemos da importância de uma boa experiência e vamos direcionar sua mensagem para análise da equipe responsável. Att,",Coco Bambu Manaus,after,"Oi! Sentimos muito que sua experiência não tenha sido como esperávamos. A gente leva seu feedback com carinho e atenção, pois ele nos ajuda a melhorar sempre. Esperamos ter a chance de te receber novamente para uma experiência melhor.",47,4.531028,92.853947,0.01077,True,False,,"Oi! Sentimos muito que sua experiência não tenha sido como esperávamos. A gente leva seu feedback com carinho e atenção, pois ele nos ajuda a melhorar sempre. Esperamos ter a chance de te receber novamente para uma experiência melhor.",47,4.531028,92.853947,0.01077,True,False,,Pedimos desculpas pela frustração. O atendimento confuso não é o padrão que queremos oferecer. Dá uma nova chance pra gente?,23,5.576787,264.221422,0.003785,True,False,
1,"Gostei da experiência. Atendimento rápido, comida bem servida e ambiente aconchegante. Ótima opção em Manaus.",Muito obrigado pela visita! Ficamos felizes em saber que você aproveitou sua experiência conosco. 🍽️,Coco Bambu Manaus,after,Oi! Obrigado por compartilhar sua experiência com a gente. Seu feedback é muito importante e nos ajuda a melhorar cada vez mais. Esperamos te ver novamente em breve para uma visita ainda mais especial!,40,4.044517,57.08361,0.017518,True,False,,"Que alegria ler isso! Ficamos muito felizes que você tenha gostado do atendimento e da nossa comida. Trabalhamos com muito carinho para proporcionar momentos assim. Volte sempre, vai ser um prazer te receber de novo!",43,4.812187,123.000291,0.00813,True,False,,Oi! Ficamos super felizes em saber disso! Adoramos saber que a experiência foi boa. Apareça mais vezes!,24,5.463023,235.809131,0.004241,True,False,
2,"Fui com a família e a experiência foi boa, mas o casquinha de caranguejo poderia estar melhor. Atendimento cordial, só achei a música um pouco alta.","Olá! Agradecemos pela sua avaliação. Seu feedback é fundamental para continuarmos aprimorando nosso serviço e proporcionando momentos especiais. Esperamos te receber novamente em breve! Atenciosamente,",Coco Bambu Manaus,after,Oi! Obrigado por compartilhar sua experiência com a gente. Seu feedback é muito importante e nos ajuda a melhorar cada vez mais. Esperamos te ver novamente em breve para uma visita ainda mais especial!,40,4.044517,57.08361,0.017518,True,False,,"Oi! Obrigado por compartilhar sua experiência com a gente. Ficamos felizes que gostou do passeio em família, e já anotamos seu toque sobre a casquinha e a música para melhorarmos. Esperamos te ver em breve para uma visita ainda mais especial!",53,4.842057,126.729796,0.007891,True,False,,"Obrigada por compartilhar! Ficamos felizes que parte da experiência foi boa, e sentimos pelo música um pouco alta. Volte pra dar uma nova chance!",32,5.289074,198.159833,0.005046,True,False,
3,"Experiência muito agradável. Casa cheia, mas conseguiram nos acomodar bem. Pedimos carpaccio e drink temático da casa, tudo muito bom.",Agradecemos a preferência e sua avaliação. ❤️,Coco Bambu Manaus,after,"Que alegria ler isso! Ficamos muito felizes que você tenha gostado da experiência. Trabalhamos com muito carinho para proporcionar momentos especiais. Volte sempre, vai ser um prazer te receber novamente!",38,4.748978,115.466179,0.008661,True,False,,"Poxa, que demais saber que você é fã do nosso camarão internacional! Ficamos muito contentes em fazer parte das suas vindas a Manaus. Estaremos aqui te esperando com o prato prontinho na próxima vez!",43,6.129081,459.014028,0.002179,True,False,,Oi! Que bom que gostou da experiência! O carpaccio é um dos favoritos da casa. Volte logo para nos visitar!,27,5.59077,267.941921,0.003732,True,False,
4,"Lugar excelente para happy hour. Comida saborosa, drinks bem feitos e equipe simpática. Destaque para o camarão jangadeiro.",Ficamos muito felizes com seu comentário! É um prazer receber você por aqui. Volte sempre! 😊,Coco Bambu Manaus,after,"Que alegria ler isso! Ficamos muito felizes que você tenha gostado da experiência. Trabalhamos com muito carinho para proporcionar momentos especiais. Volte sempre, vai ser um prazer te receber novamente!",38,4.748978,115.466179,0.008661,True,False,,"Que show! Vamos passar esse elogio para o Ricardo, ele vai ficar super feliz em saber que mandou bem. É muito bom saber que a comida estava nota dez. Apareça mais vezes!",37,5.135924,170.021405,0.005882,True,False,,Oi! Ficamos super felizes em saber disso! O camarão jangadeiro é incrível mesmo. Volte sempre!,23,5.986423,397.988652,0.002513,True,False,
5,"Gostei da experiência. Atendimento rápido, comida bem servida e ambiente aconchegante. Ótima opção em Manaus.",Agradecemos a preferência e sua avaliação. ❤️,Coco Bambu Manaus,after,Oi! Obrigado por compartilhar sua experiência com a gente. Seu feedback é muito importante e nos ajuda a melhorar cada vez mais. Esperamos te ver novamente em breve para uma visita ainda mais especial!,40,4.044517,57.08361,0.017518,True,False,,Oi! Obrigado pelo feedback sobre o sabor. A gente entende seu ponto sobre o valor e estamos sempre buscando equilibrar a melhor qualidade com uma experiência justa. Esperamos te ver de novo para mais um momento saboroso!,44,5.014132,150.525356,0.006643,True,False,,Ficamos super felizes com seu comentário! Adoramos saber que a experiência foi boa. Volte logo para nos visitar!,24,5.65894,286.84438,0.003486,True,False,
6,"Fui no almoço de trabalho e gostei bastante. Ambiente bonito, atendimento muito bom e o bolinho de bacalhau veio ótimo. O Rafaela atendeu super bem. Voltarei!",Agradecemos a preferência e sua avaliação. ❤️,Coco Bambu Manaus,after,"Que alegria ler isso! Ficamos muito felizes que você tenha gostado da experiência. Trabalhamos com muito carinho para proporcionar momentos especiais. Volte sempre, vai ser um prazer te receber novamente!",38,4.748978,115.466179,0.008661,True,False,,Ficamos muito felizes que você curtiu nosso ambiente e a Rede de Pescador! É muito bom saber que a limpeza e o sabor chamaram sua atenção. Volte logo para aproveitar mais um pouquinho da nossa casa!,44,5.138194,170.407748,0.005868,True,False,,Oi! Ficamos super felizes em saber disso! Adoramos saber que o almoço de trabalho foi especial. Volte logo para nos visitar!,28,5.488646,241.92942,0.004133,True,False,
7,"Experiência muito agradável. Casa cheia, mas conseguiram nos acomodar bem. Pedimos filé à parmegiana e aperol spritz, tudo muito bom.",Que alegria saber da sua experiência! Obrigado por compartilhar e esperamos te receber novamente em breve. ✨,Coco Bambu Manaus,after,"Que alegria ler isso! Ficamos muito felizes que você tenha gostado da experiência. Trabalhamos com muito carinho para proporcionar momentos especiais. Volte sempre, vai ser um prazer te receber novamente!",38,4.748978,115.466179,0.008661,True,False,,"Poxa, pedimos desculpas pela demora no prato principal. Que bom que o sabor estava ótimo, mas sabemos que a espera cansa. Vamos ficar mais de olho nisso para sua próxima visita ser perfeita!",39,5.649084,284.0312,0.003521,True,False,,Obrigada por compartilhar! O filé à parmegiana é um dos favoritos da casa. Esperamos você de volta!,26,5.974698,393.34913,0.002542,True,False,
8,"Gostei da experiência. Atendimento rápido, comida bem servida e ambiente aconchegante. Ótima opção em Manaus.",Ficamos muito felizes com seu comentário! É um prazer receber você por aqui. Volte sempre! 😊,Coco Bambu Manaus,after,Oi! Obrigado por compartilhar sua experiência com a gente. Seu feedback é muito importante e nos ajuda a melhorar cada vez mais. Esperamos te ver novamente em breve para uma visita ainda mais especial!,40,4.044517,57.08361,0.017518,True,False,,Parabéns pela comemoração! Adoramos receber aniversários e saber que nossa equipe cuidou bem de vocês. Esperamos que o novo ciclo seja incrível e que você volte para celebrar mais vezes com a gente!,41,4.575277,97.054952,0.010303,True,False,,Oi! Que bom que gostou da experiência! Nosso time fica muito feliz com esse retorno. Esperamos você de volta!,24,4.937376,139.40391,0.007173,True,False,
9,"Infelizmente minha visita não foi boa. Atendimento confuso, demora e pouca atenção da equipe.","Olá! Lamentamos pela sua experiência. Trabalhamos diariamente para melhorar e gostaríamos de entender melhor o ocorrido. Se puder, fale com a gente pelo link da unidade: https://qr.cocobambu.com/Manaus_donos Att,",Coco Bambu Manaus,after,"Oi! Sentimos muito que sua experiência não tenha sido como esperávamos. A gente leva seu feedback com carinho e atenção, pois ele nos ajuda a melhorar sempre. Esperamos ter a chance de te receber novamente para uma experiência melhor.",47,4.531028,92.853947,0.01077,True,False,,"Oi! Que bom que a comida estava gostosa. Pedimos desculpas pelo friozinho do ar condicionado, vamos dar uma conferida na temperatura para deixar o ambiente mais confortável. Obrigado por avisar a gente!",41,4.900612,134.372038,0.007442,True,False,,Oi! Ficamos tristes em saber disso. Vamos melhorar o atendimento confuso. Dá uma nova chance pra gente?,23,5.038624,154.257655,0.006483,True,False,
10,"Preço alto para uma experiência mediana. O local é bonito, mas o serviço e o prato ficaram abaixo.","Olá! Lamentamos pela sua experiência. Trabalhamos diariamente para melhorar e gostaríamos de entender melhor o ocorrido. Se puder, fale com a gente pelo link da unidade: https://qr.cocobambu.com/Manaus_donos Att,",Coco Bambu Manaus,after,Oi! Obrigado por compartilhar sua experiência com a gente. Seu feedback é muito importante e nos ajuda a melhorar cada vez mais. Esperamos te ver novamente em breve para uma visita ainda mais especial!,40,4.044517,57.08361,0.017518,True,False,,Que delícia saber que você aprovou nossa moqueca de lagosta! É um dos nossos pratos preferidos por aqui também. Já estamos ansiosos pela sua próxima visita!,33,5.099557,163.949327,0.006099,True,False,,Oi! Ficamos tristes em saber disso. O serviço e o prato ficaram abaixo não é o padrão que queremos oferecer. Esperamos poder reverter essa impressão na próxima visita!,35,4.880253,131.664012,0.007595,True,False,
11,"Lugar bonito e comida boa, porém tivemos música muito alta. No geral foi ok, mas esperava um pouco mais pelo valor.",Obrigado por compartilhar sua experiência com a gente. Seus pontos serão observados com atenção pela nossa equipe. Esperamos ter a chance de te surpreender positivamente em uma próxima visita.,Coco Bambu Manaus,after,Oi! Obrigado por compartilhar sua experiência com a gente. Seu feedback é muito importante e nos ajuda a melhorar cada vez mais. Esperamos te ver novamente em breve para uma visita ainda mais especial!,40,4.044517,57.08361,0.017518,True,False,,"Oi! Sentimos muito que o atendimento não foi tão legal dessa vez. Queremos que você sempre se sinta em casa por aqui, então vamos conversar com o pessoal para garantir que isso não se repita. Dá uma nova chance pra gente?",49,4.124203,61.818533,0.016176,True,False,,"Valeu pelo retorno! Legal que a experiência teve pontos positivos, e sentimos pelo música muito alta. Volte pra dar uma nova chance!",28,5.95074,384.037551,0.002604,True,False,
12,"Lugar excelente para aniversário. Comida saborosa, drinks bem feitos e equipe simpática. Destaque para o rede de pescador.",Que alegria saber da sua experiência! Obrigado por compartilhar e esperamos te receber novamente em breve. ✨,Coco Bambu Manaus,after,"Que alegria ler isso! Ficamos muito felizes que você tenha gostado da experiência. Trabalhamos com muito carinho para proporcionar momentos especiais. Volte sempre, vai ser um prazer te receber novamente!",38,4.748978,115.466179,0.008661,True,False,,Ficamos com o coração quentinho sabendo que você curtiu o cardápio e o nosso cantinho! É muito bom ver nossos clientes satisfeitos. Esperamos você de novo em breve!,38,5.008801,149.725034,0.006679,True,False,,Oi! Ficamos super felizes em saber disso! Que bom ter feito parte do seu aniversário. Apareça mais vezes!,24,5.642712,282.227114,0.003543,True,False,
13,"Fui com a família e a experiência foi boa, mas o camarão iracema poderia estar melhor. Atendimento cordial, só achei a música um pouco alta.","Olá! Agradecemos pela sua avaliação. Seu feedback é fundamental para continuarmos aprimorando nosso serviço e proporcionando momentos especiais. Esperamos te receber novamente em breve! Atenciosamente,",Coco Bambu Manaus,after,Oi! Obrigado por compartilhar sua experiência com a gente. Seu feedback é muito importante e nos ajuda a melhorar cada vez mais. Esperamos te ver novamente em breve para uma visita ainda mais especial!,40,4.044517,57.08361,0.017518,True,False,,Que bom que você gostou da nossa seleção de vinhos! A gente capricha na escolha para combinar direitinho com os pratos. Volte logo para brindar com a gente!,35,5.562585,260.495315,0.003839,True,False,,"Oi! Ficamos gratos pelo feedback! Legal que a experiência teve pontos positivos, e vamos caprichar mais no camarão iracema. Volte pra dar uma nova chance!",36,5.725897,306.708355,0.00326,True,False,
14,"Lugar bonito e comida boa, porém tivemos demora no atendimento. No geral foi ok, mas esperava um pouco mais pelo valor.","Olá! Lamentamos pela sua experiência. Trabalhamos diariamente para melhorar e gostaríamos de entender melhor o ocorrido. Se puder, fale com a gente pelo link da unidade: https://qr.cocobambu.com/Manaus_donos Att,",Coco Bambu Manaus,after,"Oi! Sentimos muito que sua experiência não tenha sido como esperávamos. A gente leva seu feedback com carinho e atenção, pois ele nos ajuda a melhorar sempre. Esperamos ter a chance de te receber novamente para uma experiência melhor.",47,4.531028,92.853947,0.01077,True,False,,"Oi! Pedimos mil desculpas pelo erro no pedido. Que bom que conseguimos resolver a tempo de você aproveitar a refeição. Na próxima, vamos conferir tudo com o dobro de atenção!",37,5.435895,229.498259,0.004357,True,False,,"Oi! Ficamos gratos pelo feedback! Ficamos felizes que parte da experiência foi boa, mas pedimos desculpas pelo demora. Valeu e volte sempre!",32,4.870627,130.402644,0.007669,True,False,
15,"Experiência muito agradável. Casa cheia, mas conseguiram nos acomodar bem. Pedimos filé à parmegiana e mojito, tudo muito bom.",Ficamos muito felizes com seu comentário! É um prazer receber você por aqui. Volte sempre! 😊,Coco Bambu Manaus,after,"Que alegria ler isso! Ficamos muito felizes que você tenha gostado da experiência. Trabalhamos com muito carinho para proporcionar momentos especiais. Volte sempre, vai ser um prazer te receber novamente!",38,4.748978,115.466179,0.008661,True,False,,"Poxa, ganhar o título de melhor opção de frutos do mar é bom demais! Muito obrigado pelo carinho e pela confiança. A gente continua trabalhando duro para manter esse padrão para você.",36,4.755535,116.225832,0.008604,True,False,,Ficamos muito contentes com seu feedback! O filé à parmegiana é incrível mesmo. Esperamos você de volta!,27,6.056933,427.063591,0.002342,True,False,
16,O famoso Coco Bambu deixou a desejar. Tivemos cardápio confuso e a experiência não compensou a conta.,"Sentimos muito por não termos atendido suas expectativas desta vez. Seu feedback é importante para seguirmos evoluindo. Caso deseje, compartilhe mais detalhes com a nossa equipe pelo link da unidade. Att,",Coco Bambu Manaus,after,Oi! Obrigado por compartilhar sua experiência com a gente. Seu feedback é muito importante e nos ajuda a melhorar cada vez mais. Esperamos te ver novamente em breve para uma visita ainda mais especial!,40,4.044517,57.083583,0.017518,True,False,,Que legal que você notou o cuidado desde a recepção até o manobrista! A gente acredita que a experiência começa logo na chegada. Valeu demais pelo reconhecimento!,32,5.925017,374.284753,0.002672,True,False,,"Oi! Ficamos tristes em saber disso. Vamos melhorar o cardápio confuso. Obrigado por nos contar, vamos melhorar!",26,4.710097,111.062967,0.009004,True,False,
17,"Fui com a família e a experiência foi boa, mas o camarão internacional poderia estar melhor. Atendimento cordial, só achei a música um pouco alta.",Agradecemos sua visita e também sua observação. Cada comentário nos ajuda a evoluir e a entregar uma experiência cada vez melhor.,Coco Bambu Manaus,after,Oi! Obrigado por compartilhar sua experiência com a gente. Seu feedback é muito importante e nos ajuda a melhorar cada vez mais. Esperamos te ver novamente em breve para uma visita ainda mais especial!,40,4.044517,57.083583,0.017518,True,False,,"Oi! Obrigado por avisar sobre a textura do prato. A gente quer que tudo saia impecável da cozinha, então vamos trocar uma ideia com o Chef para ajustar isso. Esperamos te ver de novo!",42,4.775344,118.551077,0.008435,True,False,,"Obrigada por compartilhar! Que bom saber que alguns pontos agradaram, e vamos caprichar mais no camarão internacional. Valeu e volte sempre!",30,6.463926,641.574838,0.001559,True,False,
18,"Fui no encontro com amigos e gostei bastante. Ambiente bonito, atendimento muito bom e o lagosta grelhada veio ótimo. O Klisman atendeu super bem. Voltarei!",Ficamos muito felizes com seu comentário! É um prazer receber você por aqui. Volte sempre! 😊,Coco Bambu Manaus,after,"Que alegria ler isso! Ficamos muito felizes que você tenha gostado da experiência. Trabalhamos com muito carinho para proporcionar momentos especiais. Volte sempre, vai ser um prazer te receber novamente!",38,4.748978,115.466179,0.008661,True,False,,"As sobremesas são mesmo o nosso xodó! Que alegria saber que você adorou. Na próxima, não deixe de provar os outros doces do cardápio, são todos feitos com muito amor.",39,4.985466,146.271792,0.006837,True,False,,Oi! Que bom que gostou da experiência! O lagosta grelhada é incrível mesmo. Apareça mais vezes!,24,5.949711,383.642391,0.002607,True,False,
19,"Gostei da experiência. Atendimento rápido, comida bem servida e ambiente aconchegante. Ótima opção em Manaus.",Agradecemos a preferência e sua avaliação. ❤️,Coco Bambu Manaus,after,Oi! Obrigado por compartilhar sua experiência com a gente. Seu feedback é muito importante e nos ajuda a melhorar cada vez mais. Esperamos te ver novamente em breve para uma visita ainda mais especial!,40,4.044517,57.083583,0.017518,True,False,,"Oi! Valeu pelo toque sobre o bar. Em dias de casa cheia a gente corre para dar conta, mas vamos ver como agilizar mais as coisas por lá. Esperamos você para um drink em breve!",45,4.990746,147.046012,0.006801,True,False,,Oi! Que bom que gostou da experiência! Adoramos saber que a experiência foi boa. Apareça mais vezes!,23,5.447623,232.205616,0.004307,True,False,
20,"Experiência muito agradável. Casa cheia, mas conseguiram nos acomodar bem. Pedimos petit gâteau e margarita, tudo muito bom.",Ficamos muito felizes com seu comentário! É um prazer receber você por aqui. Volte sempre! 😊,Coco Bambu Manaus,after,"Que alegria ler isso! Ficamos muito felizes que você tenha gostado da experiência. Trabalhamos com muito carinho para proporcionar momentos especiais. Volte sempre, vai ser um prazer te receber novamente!",38,4.748978,115.466179,0.008661,True,False,,Que bom que o Camarão Coco Bambu foi um sucesso na sua mesa! É gratificante saber que acertamos em cheio. Volte sempre para matar a saudade desse sabor!,36,5.729424,307.791782,0.003249,True,False,,Oi! Ficamos super felizes em saber disso! O petit gâteau é incrível mesmo. Apareça mais vezes!,25,5.779447,323.580227,0.00309,True,False,
21,"Fui com a família e a experiência foi boa, mas o lagosta grelhada poderia estar melhor. Atendimento cordial, só achei a música um pouco alta.",Obrigado por compartilhar sua experiência com a gente. Seus pontos serão observados com atenção pela nossa equipe. Esperamos ter a chance de te surpreender positivamente em uma próxima visita.,Coco Bambu Manaus,after,Oi! Obrigado por compartilhar sua experiência com a gente. Seu feedback é muito importante e nos ajuda a melhorar cada vez mais. Esperamos te ver novamente em breve para uma visita ainda mais especial!,40,4.044517,57.083583,0.017518,True,False,,"Poxa, sentimos muito pelo barulho ter atrapalhado. Às vezes o pessoal se empolga na conversa, mas na próxima nos avise que tentamos te colocar em um lugar mais calmo. Obrigado pelo feedback!",43,5.400192,221.448988,0.004516,True,False,,"Valeu pelo retorno! Legal que a experiência teve pontos positivos, mas pedimos desculpas pelo música um pouco alta. Esperamos você de volta!",28,5.686177,294.764513,0.003393,True,False,
22,"Gostei da experiência. Atendimento rápido, comida bem servida e ambiente aconchegante. Ótima opção em Manaus.",Muito obrigado pela visita! Ficamos felizes em saber que você aproveitou sua experiência conosco. 🍽️,Coco Bambu Manaus,after,Oi! Obrigado por compartilhar sua experiência com a gente. Seu feedback é muito importante e nos ajuda a melhorar cada vez mais. Esperamos te ver novamente em breve para uma visita ainda mais especial!,40,4.044517,57.083583,0.017518,True,False,,Ficamos muito orgulhosos da nossa equipe por manter o ritmo mesmo com o restaurante lotado! É muito bom saber que você foi bem atendido. Apareça sempre!,32,4.698782,109.813387,0.009106,True,False,,Oi! Que bom que gostou da experiência! Nosso time fica muito feliz com esse retorno. Volte sempre!,22,5.672701,290.818942,0.003439,True,False,
23,"Esperava mais. O ambiente é bonito, mas houve acompanhamento sem sabor e o casquinha de caranguejo não veio como imaginei.","Olá! Lamentamos pela sua experiência. Trabalhamos diariamente para melhorar e gostaríamos de entender melhor o ocorrido. Se puder, fale com a gente pelo link da unidade: https://qr.cocobambu.com/Manaus_donos Att,",Coco Bambu Manaus,after,Oi! Obrigado por compartilhar sua experiência com a gente. Seu feedback é muito importante e nos ajuda a melhorar cada vez mais. Esperamos te ver novamente em breve para uma visita ainda mais especial!,40,4.044517,57.083583,0.017518,True,False,,Que alegria saber que você achou nosso ambiente lindo! A gente cuida de cada detalhe da decoração para vocês se sentirem bem. Volte logo para curtir mais momentos aqui!,34,5.444101,231.389134,0.004322,True,False,,"Obrigada por compartilhar! Ficamos felizes que parte da experiência foi boa, e vamos caprichar mais no casquinha de caranguejo. Valeu e volte sempre!",34,5.411272,223.916132,0.004466,True,False,
24,"Lugar excelente para comemoração de namoro. Comida saborosa, drinks bem feitos e equipe simpática. Destaque para o lagosta grelhada.",Ficamos muito felizes com seu comentário! É um prazer receber você por aqui. Volte sempre! 😊,Coco Bambu Manaus,after,"Que alegria ler isso! Ficamos muito felizes que você tenha gostado da experiência. Trabalhamos com muito carinho para proporcionar momentos especiais. Volte sempre, vai ser um prazer te receber novamente!",38,4.748978,115.466179,0.008661,True,False,,"Oi! Pedimos desculpas se a apresentação do prato deixou a desejar. A gente gosta de servir tudo bem bonito, então vamos reforçar esse cuidado com a equipe. Obrigado por nos contar!",38,5.101971,164.345538,0.006085,True,False,,Oi! Que bom que gostou da experiência! O lagosta grelhada é um dos favoritos da casa. Volte sempre!,26,5.390835,219.386559,0.004558,True,False,
25,"Lugar excelente para almoço de trabalho. Comida saborosa, drinks bem feitos e equipe simpática. Destaque para o filé à parmegiana.",Muito obrigado pela visita! Ficamos felizes em saber que você aproveitou sua experiência conosco. 🍽️,Coco Bambu Manaus,after,"Que alegria ler isso! Ficamos muito felizes que você tenha gostado da experiência. Trabalhamos com muito carinho para proporcionar momentos especiais. Volte sempre, vai ser um prazer te receber novamente!",38,4.748978,115.466179,0.008661,True,False,,Que bacana que o espaço kids ajudou vocês a terem um almoço mais tranquilo! A gente adora receber as famílias e ver a criançada se divertindo. Esperamos vocês de novo!,38,5.266236,193.685615,0.005163,True,False,,Oi! Ficamos super felizes em saber disso! Que bom ter feito parte do seu almoço de trabalho. Esperamos você de volta!,27,5.303528,201.044909,0.004974,True,False,
26,"Fui com a família e a experiência foi boa, mas o carpaccio poderia estar melhor. Atendimento cordial, só achei a música um pouco alta.",Agradecemos sua visita e também sua observação. Cada comentário nos ajuda a evoluir e a entregar uma experiência cada vez melhor.,Coco Bambu Manaus,after,Oi! Obrigado por compartilhar sua experiência com a gente. Seu feedback é muito importante e nos ajuda a melhorar cada vez mais. Esperamos te ver novamente em breve para uma visita ainda mais especial!,40,4.044517,57.08361,0.017518,True,False,,"Nada melhor que uma bebida geladinha no ponto certo, né? Ficamos felizes que você reparou nesse detalhe. Valeu pela visita e volte logo!",31,5.154714,173.246187,0.005772,True,False,,"Oi! Obrigada pelo feedback! Que bom saber que alguns pontos agradaram, e sentimos pelo música um pouco alta. Volte pra dar uma nova chance!",34,5.543273,255.513041,0.003914,True,False,
27,O famoso Coco Bambu deixou a desejar. Tivemos prato veio morno e a experiência não compensou a conta.,"Olá! Lamentamos pela sua experiência. Trabalhamos diariamente para melhorar e gostaríamos de entender melhor o ocorrido. Se puder, fale com a gente pelo link da unidade: https://qr.cocobambu.com/Manaus_donos Att,",Coco Bambu Manaus,after,Oi! Obrigado por compartilhar sua experiência com a gente. Seu feedback é muito importante e nos ajuda a melhorar cada vez mais. Esperamos te ver novamente em breve para uma visita ainda mais especial!,40,4.044517,57.08361,0.017518,True,False,,"Oi! Obrigado por compartilhar sua opinião sobre a porção. A gente tenta equilibrar tudo no prato, mas seu comentário é super importante para nossas avaliações internas. Esperamos te ver mais vezes!",38,5.260058,192.492641,0.005195,True,False,,Pedimos desculpas! O prato veio morno não é o padrão que queremos oferecer. Dá uma nova chance pra gente?,23,5.960281,387.719202,0.002579,True,False,
28,"Infelizmente minha visita não foi boa. Atendimento confuso, demora e pouca atenção da equipe.","Olá! Lamentamos pela sua experiência. Trabalhamos diariamente para melhorar e gostaríamos de entender melhor o ocorrido. Se puder, fale com a gente pelo link da unidade: https://qr.cocobambu.com/Manaus_donos Att,",Coco Bambu Manaus,after,"Oi! Sentimos muito que sua experiência não tenha sido como esperávamos. A gente leva seu feedback com carinho e atenção, pois ele nos ajuda a melhorar sempre. Esperamos ter a chance de te receber novamente para uma experiência melhor.",47,4.531028,92.853947,0.01077,True,False,,"A música ao vivo dá um toque especial mesmo, que bom que você curtiu! Nossos artistas são escolhidos a dedo para animar a noite de vocês. Apareça no próximo final de semana!",39,5.015284,150.698938,0.006636,True,False,,"Sentimos muito mesmo! O atendimento confuso não é o padrão que queremos oferecer. Obrigado por nos contar, vamos melhorar!",24,5.48028,239.91397,0.004168,True,False,
29,"Fui com a família e a experiência foi boa, mas o medalhão ao molho madeira poderia estar melhor. Atendimento cordial, só achei a música um pouco alta.","Olá! Agradecemos pela sua avaliação. Seu feedback é fundamental para continuarmos aprimorando nosso serviço e proporcionando momentos especiais. Esperamos te receber novamente em breve! Atenciosamente,",Coco Bambu Manaus,after,Oi! Obrigado por compartilhar sua experiência com a gente. Seu feedback é muito importante e nos ajuda a melhorar cada vez mais. Esperamos te ver novamente em breve para uma visita ainda mais especial!,40,4.044517,57.08361,0.017518,True,False,,É uma honra ter você sempre aqui com a gente! Clientes fiéis são como parte da família. Já estamos preparando tudo para sua próxima visita ser nota dez!,31,5.43563,229.437422,0.004358,True,False,,"Valeu pelo retorno! Legal que a experiência teve pontos positivos, e sentimos pelo música um pouco alta. Esperamos você de volta!",27,5.994532,401.228908,0.002492,True,False,
30,"Gostei da experiência. Atendimento rápido, comida bem servida e ambiente aconchegante. Ótima opção em Manaus.",Que alegria saber da sua experiência! Obrigado por compartilhar e esperamos te receber novamente em breve. ✨,Coco Bambu Manaus,after,Oi! Obrigado por compartilhar sua experiência com a gente. Seu feedback é muito importante e nos ajuda a melhorar cada vez mais. Esperamos te ver novamente em breve para uma visita ainda mais especial!,40,4.044517,57.08361,0.017518,True,False,,Que bom que o camarão internacional continua sendo seu favorito! A gente faz questão de manter o mesmo sabor de sempre para não decepcionar. Até a próxima!,30,5.139938,170.705163,0.005858,True,False,,Ficamos muito contentes com seu feedback! Nosso time fica muito feliz com esse retorno. Volte sempre!,22,5.59022,267.794649,0.003734,True,False,
31,"Lugar bonito e comida boa, porém tivemos tempo de espera acima do esperado. No geral foi ok, mas esperava um pouco mais pelo valor.",Obrigado por compartilhar sua experiência com a gente. Seus pontos serão observados com atenção pela nossa equipe. Esperamos ter a chance de te surpreender positivamente em uma próxima visita.,Coco Bambu Manaus,after,Oi! Obrigado por compartilhar sua experiência com a gente. Seu feedback é muito importante e nos ajuda a melhorar cada vez mais. Esperamos te ver novamente em breve para uma visita ainda mais especial!,40,4.044517,57.08361,0.017518,True,False,,Oi! Pedimos desculpas pela demora na fila. A gente está sempre tentando organizar melhor as mesas para ninguém esperar muito. Obrigado pela paciência!,29,5.003167,148.883951,0.006717,True,False,,"Oi! Ficamos gratos pelo feedback! Que bom saber que alguns pontos agradaram, e sentimos pelo tempo de espera acima do esperado. Volte pra dar uma nova chance!",37,4.97805,145.191017,0.006887,True,False,
32,"Gostei do ambiente e do serviço, porém o prato demorou além do normal. Ainda assim, a comida estava saborosa.","Olá! Agradecemos por nos contar o que aconteceu. Sabemos da importância de uma boa experiência e vamos direcionar sua mensagem para análise da equipe responsável. Att,",Coco Bambu Manaus,after,Oi! Obrigado por compartilhar sua experiência com a gente. Seu feedback é muito importante e nos ajuda a melhorar cada vez mais. Esperamos te ver novamente em breve para uma visita ainda mais especial!,40,4.044517,57.08361,0.017518,True,False,,Ficamos muito contentes que você curtiu a trilha sonora e o clima do restaurante! O objetivo é que você relaxe e aproveite ao máximo. Volte sempre!,35,5.359194,212.553618,0.004705,True,False,,"Oi! Ficamos gratos pelo feedback! Legal que a experiência teve pontos positivos, mas pedimos desculpas pelo prato demorou além do normal. Esperamos você de volta!",34,5.355968,211.868966,0.00472,True,False,
33,"Experiência muito agradável. Casa cheia, mas conseguiram nos acomodar bem. Pedimos petit gâteau e margarita, tudo muito bom.",Muito obrigado pela visita! Ficamos felizes em saber que você aproveitou sua experiência conosco. 🍽️,Coco Bambu Manaus,after,"Que alegria ler isso! Ficamos muito felizes que você tenha gostado da experiência. Trabalhamos com muito carinho para proporcionar momentos especiais. Volte sempre, vai ser um prazer te receber novamente!",38,4.748978,115.466179,0.008661,True,False,,O Paulo vai ficar radiante com esse elogio! Ele é um baita profissional e vamos fazer questão de contar para ele. Valeu por reconhecer o bom trabalho!,32,4.982312,145.811137,0.006858,True,False,,Oi! Ficamos super felizes em saber disso! O petit gâteau é um dos favoritos da casa. Volte logo para nos visitar!,30,5.138868,170.522603,0.005864,True,False,
34,"Gostei do ambiente e do serviço, porém o prato demorou além do normal. Ainda assim, a comida estava saborosa.","Olá! Lamentamos pela sua experiência. Trabalhamos diariamente para melhorar e gostaríamos de entender melhor o ocorrido. Se puder, fale com a gente pelo link da unidade: https://qr.cocobambu.com/Manaus_donos Att,",Coco Bambu Manaus,after,Oi! Obrigado por compartilhar sua experiência com a gente. Seu feedback é muito importante e nos ajuda a melhorar cada vez mais. Esperamos te ver novamente em breve para uma visita ainda mais especial!,40,4.044517,57.08361,0.017518,True,False,,"Oi! Sentimos muito que a carne não veio no ponto que você gosta. Na próxima, não hesite em chamar a gente na hora para trocarmos o prato rapidinho. Queremos você 100% satisfeito!",44,4.901452,134.484855,0.007436,True,False,,"Obrigada por compartilhar! Legal que a experiência teve pontos positivos, mas pedimos desculpas pelo prato demorou além do normal. Volte pra dar uma nova chance!",32,5.703743,299.988295,0.003333,True,False,
35,"Preço alto para uma experiência mediana. O local é bonito, mas o serviço e o prato ficaram abaixo.","Olá! Lamentamos pela sua experiência. Trabalhamos diariamente para melhorar e gostaríamos de entender melhor o ocorrido. Se puder, fale com a gente pelo link da unidade: https://qr.cocobambu.com/Manaus_donos Att,",Coco Bambu Manaus,after,Oi! Obrigado por compartilhar sua experiência com a gente. Seu feedback é muito importante e nos ajuda a melhorar cada vez mais. Esperamos te ver novamente em breve para uma visita ainda mais especial!,40,4.044517,57.08361,0.017518,True,False,,"Nossa carta de vinhos é pensada com muito carinho, que bom que você aproveitou! Tem sempre um rótulo novo para descobrir, volte para experimentar outro!",28,6.463332,641.193767,0.00156,True,False,,Oi! Ficamos tristes em saber disso. O serviço e o prato ficaram abaixo não é o padrão que queremos oferecer. Dá uma nova chance pra gente?,32,4.982435,145.829076,0.006857,True,False,
36,"Preço alto para uma experiência mediana. O local é bonito, mas o serviço e o prato ficaram abaixo.","Sentimos muito por não termos atendido suas expectativas desta vez. Seu feedback é importante para seguirmos evoluindo. Caso deseje, compartilhe mais detalhes com a nossa equipe pelo link da unidade. Att,",Coco Bambu Manaus,after,Oi! Obrigado por compartilhar sua experiência com a gente. Seu feedback é muito importante e nos ajuda a melhorar cada vez mais. Esperamos te ver novamente em breve para uma visita ainda mais especial!,40,4.044517,57.08361,0.017518,True,False,,"Happy hour com os amigos é tudo de bom, né? Que alegria saber que você teve um momento legal aqui. Nosso horário de descontos te espera de novo!",33,5.310015,202.353304,0.004942,True,False,,Pedimos desculpas! Vamos melhorar o serviço e o prato ficaram abaixo. Dá uma nova chance pra gente?,20,6.117702,453.820402,0.002204,True,False,
37,"Lugar bonito e comida boa, porém tivemos fila de espera grande. No geral foi ok, mas esperava um pouco mais pelo valor.","Olá! Agradecemos pela sua avaliação. Seu feedback é fundamental para continuarmos aprimorando nosso serviço e proporcionando momentos especiais. Esperamos te receber novamente em breve! Atenciosamente,",Coco Bambu Manaus,after,Oi! Obrigado por compartilhar sua experiência com a gente. Seu feedback é muito importante e nos ajuda a melhorar cada vez mais. Esperamos te ver novamente em breve para uma visita ainda mais especial!,40,4.044517,57.08361,0.017518,True,False,,Oi! Pedimos desculpas pelo prato ter chegado morno. A comida tem que estar pelando na mesa! Vamos ajustar o tempo de saída da cozinha para isso não rolar mais.,37,5.052873,156.471383,0.006391,True,False,,"Obrigada por compartilhar! Que bom saber que alguns pontos agradaram, mas pedimos desculpas pelo fila de espera grande. Valeu e volte sempre!",30,6.063058,429.687371,0.002327,True,False,
38,"Esperava mais. O ambiente é bonito, mas houve ponto da carne diferente do pedido e o petit gâteau não veio como imaginei.","Olá! Lamentamos pela sua experiência. Trabalhamos diariamente para melhorar e gostaríamos de entender melhor o ocorrido. Se puder, fale com a gente pelo link da unidade: https://qr.cocobambu.com/Manaus_donos Att,",Coco Bambu Manaus,after,Oi! Obrigado por compartilhar sua experiência com a gente. Seu feedback é muito importante e nos ajuda a melhorar cada vez mais. Esperamos te ver novamente em breve para uma visita ainda mais especial!,40,4.044517,57.08361,0.017518,True,False,,"Limpeza e organização são essenciais, que bom que você reparou! A gente quer que você se sinta em um lugar impecável. Obrigado pelo elogio!",30,5.311801,202.715077,0.004933,True,False,,"Obrigada por compartilhar! Que bom saber que alguns pontos agradaram, mas pedimos desculpas pelo ponto da carne diferente do pedido. Esperamos você de volta!",32,5.829385,340.149356,0.00294,True,False,
39,"Infelizmente minha visita não foi boa. Atendimento confuso, demora e pouca atenção da equipe.","Olá! Lamentamos pela sua experiência. Trabalhamos diariamente para melhorar e gostaríamos de entender melhor o ocorrido. Se puder, fale com a gente pelo link da unidade: https://qr.cocobambu.com/Manaus_donos Att,",Coco Bambu Manaus,after,"Oi! Sentimos muito que sua experiência não tenha sido como esperávamos. A gente leva seu feedback com carinho e atenção, pois ele nos ajuda a melhorar sempre. Esperamos ter a chance de te receber novamente para uma experiência melhor.",47,4.531028,92.853947,0.01077,True,False,,Moqueca cearense é um clássico que a gente adora preparar! Que satisfação saber que você gostou. Esperamos você para mais um banquete em breve!,29,5.72551,306.589477,0.003262,True,False,,Oi! Ficamos tristes em saber disso. O atendimento confuso não é o padrão que queremos oferecer. Dá uma nova chance pra gente?,28,4.800778,121.605037,0.008223,True,False,
40,"Preço alto para uma experiência mediana. O local é bonito, mas o serviço e o prato ficaram abaixo.","Olá! Agradecemos por nos contar o que aconteceu. Sabemos da importância de uma boa experiência e vamos direcionar sua mensagem para análise da equipe responsável. Att,",Coco Bambu Manaus,after,Oi! Obrigado por compartilhar sua experiência com a gente. Seu feedback é muito importante e nos ajuda a melhorar cada vez mais. Esperamos te ver novamente em breve para uma visita ainda mais especial!,40,4.044517,57.083583,0.017518,True,False,,Que bom que o serviço foi rapidinho! A gente sabe que ninguém gosta de esperar muito quando está com fome. Valeu pelo feedback positivo!,29,5.24733,190.05808,0.005262,True,False,,Oi! Ficamos tristes em saber disso. O serviço e o prato ficaram abaixo não é o padrão que queremos oferecer. Esperamos poder reverter essa impressão na próxima visita!,35,4.880253,131.664012,0.007595,True,False,
41,"Gostei da experiência. Atendimento rápido, comida bem servida e ambiente aconchegante. Ótima opção em Manaus.",Agradecemos a preferência e sua avaliação. ❤️,Coco Bambu Manaus,after,Oi! Obrigado por compartilhar sua experiência com a gente. Seu feedback é muito importante e nos ajuda a melhorar cada vez mais. Esperamos te ver novamente em breve para uma visita ainda mais especial!,40,4.044517,57.083583,0.017518,True,False,,Oi! Pedimos desculpas se o som estava alto demais para conversar. Vamos dar uma regulada no volume para manter o ambiente agradável para todos. Obrigado pelo toque!,33,4.876629,131.18773,0.007623,True,False,,Oi! Que bom que gostou da experiência! A gente trabalha com carinho para oferecer o melhor. Apareça mais vezes!,24,5.461927,235.550879,0.004245,True,False,
42,Restaurante muito bonito e acolhedor. Só deixo a observação de que houve ponto da carne diferente do pedido e isso atrapalhou um pouco.,"Olá! Agradecemos pela sua avaliação. Seu feedback é fundamental para continuarmos aprimorando nosso serviço e proporcionando momentos especiais. Esperamos te receber novamente em breve! Atenciosamente,",Coco Bambu Manaus,after,Oi! Obrigado por compartilhar sua experiência com a gente. Seu feedback é muito importante e nos ajuda a melhorar cada vez mais. Esperamos te ver novamente em breve para uma visita ainda mais especial!,40,4.044517,57.083583,0.017518,True,False,,"A Cocada ao Forno é imbatível mesmo, que bom que você se deliciou! É um dos nossos maiores sucessos. Já estamos com saudade da sua visita!",34,5.190907,179.631319,0.005567,True,False,,"Oi! Ficamos gratos pelo feedback! Ficamos felizes que parte da experiência foi boa, mas pedimos desculpas pelo ponto da carne diferente do pedido. Volte pra dar uma nova chance!",39,4.751614,115.770944,0.008638,True,False,
43,"Esperava mais. O ambiente é bonito, mas houve cobrança que gerou dúvida e o carpaccio não veio como imaginei.","Sentimos muito por não termos atendido suas expectativas desta vez. Seu feedback é importante para seguirmos evoluindo. Caso deseje, compartilhe mais detalhes com a nossa equipe pelo link da unidade. Att,",Coco Bambu Manaus,after,Oi! Obrigado por compartilhar sua experiência com a gente. Seu feedback é muito importante e nos ajuda a melhorar cada vez mais. Esperamos te ver novamente em breve para uma visita ainda mais especial!,40,4.044517,57.083583,0.017518,True,False,,Ficamos muito felizes que você foi bem recebido logo na entrada! A gente quer que o sorriso no rosto seja a nossa marca registrada. Volte logo!,31,4.543731,94.041033,0.010634,True,False,,"Oi! Ficamos gratos pelo feedback! Que bom saber que alguns pontos agradaram, mas pedimos desculpas pelo cobrança que gerou dúvida. Volte pra dar uma nova chance!",36,5.272046,194.814162,0.005133,True,False,
44,"Gostei da experiência. Atendimento rápido, comida bem servida e ambiente aconchegante. Ótima opção em Manaus.",Agradecemos a preferência e sua avaliação. ❤️,Coco Bambu Manaus,after,Oi! Obrigado por compartilhar sua experiência com a gente. Seu feedback é muito importante e nos ajuda a melhorar cada vez mais. Esperamos te ver novamente em breve para uma visita ainda mais especial!,40,4.044517,57.083583,0.017518,True,False,,Oi! Sentimos muito pela demora na bebida. Vamos conversar com o pessoal do serviço para garantir que ninguém fique com o copo vazio. Valeu por avisar!,32,5.18874,179.24261,0.005579,True,False,,Oi! Que bom que gostou da experiência! A gente trabalha com carinho para oferecer o melhor. Volte sempre!,23,5.480916,240.066513,0.004166,True,False,
45,"Gostei da experiência. Atendimento rápido, comida bem servida e ambiente aconchegante. Ótima opção em Manaus.",Ficamos muito felizes com seu comentário! É um prazer receber você por aqui. Volte sempre! 😊,Coco Bambu Manaus,after,Oi! Obrigado por compartilhar sua experiência com a gente. Seu feedback é muito importante e nos ajuda a melhorar cada vez mais. Esperamos te ver novamente em breve para uma visita ainda mais especial!,40,4.044517,57.083583,0.017518,True,False,,É um prazer ser o local escolhido para suas reuniões de trabalho! Temos o ambiente ideal para você fechar bons negócios enquanto come bem. Sucesso nos negócios!,29,5.271519,194.711448,0.005136,True,False,,Ficamos super felizes com seu comentário! Adoramos saber que a experiência foi boa. Apareça mais vezes!,22,5.73966,310.958749,0.003216,True,False,
46,"Esperava mais. O ambiente é bonito, mas houve música muito alta e o mignon com fritas não veio como imaginei.","Sentimos muito por não termos atendido suas expectativas desta vez. Seu feedback é importante para seguirmos evoluindo. Caso deseje, compartilhe mais detalhes com a nossa equipe pelo link da unidade. Att,",Coco Bambu Manaus,after,Oi! Obrigado por compartilhar sua experiência com a gente. Seu feedback é muito importante e nos ajuda a melhorar cada vez mais. Esperamos te ver novamente em breve para uma visita ainda mais especial!,40,4.044517,57.083583,0.017518,True,False,,Frutos do mar fresquinhos são a nossa prioridade número um! Que satisfação saber que você sentiu a qualidade. Esperamos você para mais uma rodada!,30,6.131972,460.342987,0.002172,True,False,,"Obrigada por compartilhar! Ficamos felizes que parte da experiência foi boa, e sentimos pelo música muito alta. Esperamos você de volta!",29,5.372301,215.357756,0.004643,True,False,
47,O famoso Coco Bambu deixou a desejar. Tivemos música muito alta e a experiência não compensou a conta.,"Sentimos muito por não termos atendido suas expectativas desta vez. Seu feedback é importante para seguirmos evoluindo. Caso deseje, compartilhe mais detalhes com a nossa equipe pelo link da unidade. Att,",Coco Bambu Manaus,after,Oi! Obrigado por compartilhar sua experiência com a gente. Seu feedback é muito importante e nos ajuda a melhorar cada vez mais. Esperamos te ver novamente em breve para uma visita ainda mais especial!,40,4.044517,57.083583,0.017518,True,False,,"Oi! Obrigado pela opinião sobre a luz. A gente tenta deixar um clima mais aconchegante, mas vamos avaliar se está escuro demais. Valeu pelo feedback!",35,5.291544,198.649991,0.005034,True,False,,Oi! Sentimos muito pela experiência. Vamos melhorar o música muito alta. Dá uma nova chance pra gente?,22,5.604537,271.656252,0.003681,True,False,
48,"Lugar excelente para jantar em família. Comida saborosa, drinks bem feitos e equipe simpática. Destaque para o carpaccio.",Ficamos muito felizes com seu comentário! É um prazer receber você por aqui. Volte sempre! 😊,Coco Bambu Manaus,after,"Que alegria ler isso! Ficamos muito felizes que você tenha gostado da experiência. Trabalhamos com muito carinho para proporcionar momentos especiais. Volte sempre, vai ser um prazer te receber novamente!",38,4.748978,115.466179,0.008661,True,False,,Que alegria que você gostou da montagem dos pratos! A gente acredita que primeiro se come com os olhos. Ficamos felizes que você curtiu a experiência completa!,31,5.093842,163.014891,0.006134,True,False,,Ficamos super felizes com seu comentário! Que bom ter feito parte do seu jantar em família. Volte logo para nos visitar!,26,6.042233,420.8317,0.002376,True,False,
49,"Gostei da experiência. Atendimento rápido, comida bem servida e ambiente aconchegante. Ótima opção em Manaus.",Que alegria saber da sua experiência! Obrigado por compartilhar e esperamos te receber novamente em breve. ✨,Coco Bambu Manaus,after,Oi! Obrigado por compartilhar sua experiência com a gente. Seu feedback é muito importante e nos ajuda a melhorar cada vez mais. Esperamos te ver novamente em breve para uma visita ainda mais especial!,40,4.044517,57.08361,0.017518,True,False,,Ter você como cliente fiel é a maior recompensa para o nosso trabalho! Manaus é nossa casa e você faz parte dela. Muito obrigado e até a próxima!,30,4.957203,142.195574,0.007033,True,False,,Ficamos super felizes com seu comentário! Nosso time fica muito feliz com esse retorno. Apareça mais vezes!,22,5.819846,336.920055,0.002968,True,False,
50,"Gostei do ambiente e do serviço, porém o prato demorou além do normal. Ainda assim, a comida estava saborosa.","Sentimos muito por não termos atendido suas expectativas desta vez. Seu feedback é importante para seguirmos evoluindo. Caso deseje, compartilhe mais detalhes com a nossa equipe pelo link da unidade. Att,",Coco Bambu Manaus,after,Oi! Obrigado por compartilhar sua experiência com a gente. Seu feedback é muito importante e nos ajuda a melhorar cada vez mais. Esperamos te ver novamente em breve para uma visita ainda mais especial!,40,4.044517,57.08361,0.017518,True,False,,Oi! Muito obrigado por vir nos visitar e por deixar sua nota positiva. Foi um prazer receber você e esperamos que volte muitas vezes!,28,5.576016,264.017774,0.003788,True,False,,"Obrigada por compartilhar! Legal que a experiência teve pontos positivos, e sentimos pelo prato demorou além do normal. Valeu e volte sempre!",29,6.65872,779.552484,0.001283,True,False,
51,"Gostei do ambiente e do serviço, porém o prato demorou além do normal. Ainda assim, a comida estava saborosa.","Olá! Lamentamos pela sua experiência. Trabalhamos diariamente para melhorar e gostaríamos de entender melhor o ocorrido. Se puder, fale com a gente pelo link da unidade: https://qr.cocobambu.com/Manaus_donos Att,",Coco Bambu Manaus,after,Oi! Obrigado por compartilhar sua experiência com a gente. Seu feedback é muito importante e nos ajuda a melhorar cada vez mais. Esperamos te ver novamente em breve para uma visita ainda mais especial!,40,4.044517,57.08361,0.017518,True,False,,"Poxa, sentimos muito que o atendimento deixou a desejar. Queremos que você se sinta sempre acolhido por aqui. Vamos reforçar o treinamento com a equipe para melhorar!",33,5.001344,148.612791,0.006729,True,False,,"Valeu pelo retorno! Legal que a experiência teve pontos positivos, mas pedimos desculpas pelo prato demorou além do normal. Esperamos você de volta!",29,5.824768,338.582434,0.002953,True,False,
52,"Lugar excelente para almoço de trabalho. Comida saborosa, drinks bem feitos e equipe simpática. Destaque para o petit gâteau.",Que alegria saber da sua experiência! Obrigado por compartilhar e esperamos te receber novamente em breve. ✨,Coco Bambu Manaus,after,"Que alegria ler isso! Ficamos muito felizes que você tenha gostado da experiência. Trabalhamos com muito carinho para proporcionar momentos especiais. Volte sempre, vai ser um prazer te receber novamente!",38,4.748978,115.466179,0.008661,True,False,,Que bom que nossos pratos continuam agradando seu paladar! A gente não abre mão da qualidade para você sempre ter o melhor. Até breve!,28,5.585517,266.538156,0.003752,True,False,,Oi! Que bom que gostou da experiência! O petit gâteau é um dos favoritos da casa. Apareça mais vezes!,27,5.334394,207.347153,0.004823,True,False,
53,O famoso Coco Bambu deixou a desejar. Tivemos demora no atendimento e a experiência não compensou a conta.,"Olá! Lamentamos pela sua experiência. Trabalhamos diariamente para melhorar e gostaríamos de entender melhor o ocorrido. Se puder, fale com a gente pelo link da unidade: https://qr.cocobambu.com/Manaus_donos Att,",Coco Bambu Manaus,after,"Oi! Sentimos muito que sua experiência não tenha sido como esperávamos. A gente leva seu feedback com carinho e atenção, pois ele nos ajuda a melhorar sempre. Esperamos ter a chance de te receber novamente para uma experiência melhor.",47,4.531028,92.853947,0.01077,True,False,,Ficamos muito felizes que você curtiu nossa decoração! O restaurante foi planejado para ser um lugar bonito e gostoso de ficar. Volte sempre para aproveitar!,32,5.184781,178.534275,0.005601,True,False,,"Pedimos desculpas! O demora não é o padrão que queremos oferecer. Obrigado por nos contar, vamos melhorar!",22,5.504841,245.879321,0.004067,True,False,
54,"Lugar bonito e comida boa, porém tivemos acompanhamento sem sabor. No geral foi ok, mas esperava um pouco mais pelo valor.",Agradecemos sua visita e também sua observação. Cada comentário nos ajuda a evoluir e a entregar uma experiência cada vez melhor.,Coco Bambu Manaus,after,Oi! Obrigado por compartilhar sua experiência com a gente. Seu feedback é muito importante e nos ajuda a melhorar cada vez mais. Esperamos te ver novamente em breve para uma visita ainda mais especial!,40,4.044517,57.08361,0.017518,True,False,,Oi! Pedimos desculpas pela demora na conta. Sabemos que na hora de ir embora a agilidade conta muito. Vamos trabalhar para ser mais rápidos nisso!,31,4.818041,123.722521,0.008083,True,False,,"Oi! Obrigada pelo feedback! Legal que a experiência teve pontos positivos, mas pedimos desculpas pelo acompanhamento sem sabor. Volte pra dar uma nova chance!",33,5.330145,206.467886,0.004843,True,False,
55,"Experiência muito agradável. Casa cheia, mas conseguiram nos acomodar bem. Pedimos mignon com fritas e caipirinha de limão, tudo muito bom.",Que alegria saber da sua experiência! Obrigado por compartilhar e esperamos te receber novamente em breve. ✨,Coco Bambu Manaus,after,"Que alegria ler isso! Ficamos muito felizes que você tenha gostado da experiência. Trabalhamos com muito carinho para proporcionar momentos especiais. Volte sempre, vai ser um prazer te receber novamente!",38,4.748978,115.466179,0.008661,True,False,,É muito bom saber que o menu kids funcionou bem para vocês! A gente quer que as crianças também tenham uma experiência deliciosa aqui. Traga os pequenos sempre!,33,5.158756,173.947891,0.005749,True,False,,Obrigada por compartilhar! Ficamos felizes que o mignon com fritas agradou. Apareça mais vezes!,22,6.800903,898.658273,0.001113,True,False,
56,"Gostei do ambiente e do serviço, porém o prato demorou além do normal. Ainda assim, a comida estava saborosa.","Sentimos muito por não termos atendido suas expectativas desta vez. Seu feedback é importante para seguirmos evoluindo. Caso deseje, compartilhe mais detalhes com a nossa equipe pelo link da unidade. Att,",Coco Bambu Manaus,after,Oi! Obrigado por compartilhar sua experiência com a gente. Seu feedback é muito importante e nos ajuda a melhorar cada vez mais. Esperamos te ver novamente em breve para uma visita ainda mais especial!,40,4.044517,57.083583,0.017518,True,False,,"Bebida no ponto e gelada é obrigação, né? Que bom que você aproveitou o serviço do nosso bar. Esperamos você para mais um brinde!",32,5.956557,386.277799,0.002589,True,False,,"Obrigada por compartilhar! Ficamos felizes que parte da experiência foi boa, e sentimos pelo prato demorou além do normal. Volte pra dar uma nova chance!",33,5.515496,248.513272,0.004024,True,False,
57,"Lugar bonito e comida boa, porém tivemos garçom pouco atento. No geral foi ok, mas esperava um pouco mais pelo valor.",Obrigado por compartilhar sua experiência com a gente. Seus pontos serão observados com atenção pela nossa equipe. Esperamos ter a chance de te surpreender positivamente em uma próxima visita.,Coco Bambu Manaus,after,Oi! Obrigado por compartilhar sua experiência com a gente. Seu feedback é muito importante e nos ajuda a melhorar cada vez mais. Esperamos te ver novamente em breve para uma visita ainda mais especial!,40,4.044517,57.083583,0.017518,True,False,,Oi! Obrigado por contar sobre a textura do prato. A gente quer sempre melhorar e seu comentário ajuda muito nosso Chef a ajustar as receitas. Esperamos uma nova chance!,36,4.81737,123.639542,0.008088,True,False,,"Oi! Ficamos gratos pelo feedback! Legal que a experiência teve pontos positivos, e sentimos pelo garçom pouco atento. Esperamos você de volta!",32,5.631452,279.066919,0.003583,True,False,
58,"Gostei do ambiente e do serviço, porém o prato demorou além do normal. Ainda assim, a comida estava saborosa.","Olá! Agradecemos por nos contar o que aconteceu. Sabemos da importância de uma boa experiência e vamos direcionar sua mensagem para análise da equipe responsável. Att,",Coco Bambu Manaus,after,Oi! Obrigado por compartilhar sua experiência com a gente. Seu feedback é muito importante e nos ajuda a melhorar cada vez mais. Esperamos te ver novamente em breve para uma visita ainda mais especial!,40,4.044517,57.083583,0.017518,True,False,,"O Camarão Mediterrâneo é uma excelente escolha, parabéns pelo bom gosto! Ficamos felizes que você aprovou. Já estamos te esperando para a próxima!",29,5.320171,204.418907,0.004892,True,False,,"Valeu pelo retorno! Que bom saber que alguns pontos agradaram, e sentimos pelo prato demorou além do normal. Esperamos você de volta!",29,6.163078,474.887451,0.002106,True,False,
59,"Lugar bonito e comida boa, porém tivemos música muito alta. No geral foi ok, mas esperava um pouco mais pelo valor.","Olá! Agradecemos pela sua avaliação. Seu feedback é fundamental para continuarmos aprimorando nosso serviço e proporcionando momentos especiais. Esperamos te receber novamente em breve! Atenciosamente,",Coco Bambu Manaus,after,Oi! Obrigado por compartilhar sua experiência com a gente. Seu feedback é muito importante e nos ajuda a melhorar cada vez mais. Esperamos te ver novamente em breve para uma visita ainda mais especial!,40,4.044517,57.083583,0.017518,True,False,,Oi! Pedimos desculpas pelo desconforto com a temperatura. Vamos dar uma olhada no ar condicionado para deixar o clima mais gostoso para todo mundo. Valeu por avisar!,35,4.68545,108.359031,0.009229,True,False,,"Oi! Obrigada pelo feedback! Legal que a experiência teve pontos positivos, e sentimos pelo música muito alta. Volte pra dar uma nova chance!",32,5.621462,276.292992,0.003619,True,False,
60,"Fui com a família e a experiência foi boa, mas o bolinho de bacalhau poderia estar melhor. Atendimento cordial, só achei a música um pouco alta.",Agradecemos sua visita e também sua observação. Cada comentário nos ajuda a evoluir e a entregar uma experiência cada vez melhor.,Coco Bambu Manaus,after,Oi! Obrigado por compartilhar sua experiência com a gente. Seu feedback é muito importante e nos ajuda a melhorar cada vez mais. Esperamos te ver novamente em breve para uma visita ainda mais especial!,40,4.044517,57.083583,0.017518,True,False,,Que legal saber que nossa equipe foi profissional e educada! A gente preza muito pelo bom atendimento. Vamos passar o elogio para todos!,26,5.892435,362.286405,0.00276,True,False,,"Valeu pelo retorno! Que bom saber que alguns pontos agradaram, e sentimos pelo música um pouco alta. Volte pra dar uma nova chance!",30,5.852198,347.998484,0.002874,True,False,
61,"Lugar bonito e comida boa, porém tivemos cobrança que gerou dúvida. No geral foi ok, mas esperava um pouco mais pelo valor.",Obrigado por compartilhar sua experiência com a gente. Seus pontos serão observados com atenção pela nossa equipe. Esperamos ter a chance de te surpreender positivamente em uma próxima visita.,Coco Bambu Manaus,after,Oi! Obrigado por compartilhar sua experiência com a gente. Seu feedback é muito importante e nos ajuda a melhorar cada vez mais. Esperamos te ver novamente em breve para uma visita ainda mais especial!,40,4.044517,57.083583,0.017518,True,False,,"Poxa, pedimos desculpas pelo atraso no prato principal. A gente sabe que a fome não espera e vamos correr para ser mais pontuais. Obrigado pela paciência!",32,5.223468,185.576706,0.005389,True,False,,"Obrigada por compartilhar! Ficamos felizes que parte da experiência foi boa, mas pedimos desculpas pelo cobrança que gerou dúvida. Valeu e volte sempre!",31,5.634989,280.055776,0.003571,True,False,
62,"Esperava mais. O ambiente é bonito, mas houve acompanhamento sem sabor e o camarão internacional não veio como imaginei.","Sentimos muito por não termos atendido suas expectativas desta vez. Seu feedback é importante para seguirmos evoluindo. Caso deseje, compartilhe mais detalhes com a nossa equipe pelo link da unidade. Att,",Coco Bambu Manaus,after,Oi! Obrigado por compartilhar sua experiência com a gente. Seu feedback é muito importante e nos ajuda a melhorar cada vez mais. Esperamos te ver novamente em breve para uma visita ainda mais especial!,40,4.044517,57.083583,0.017518,True,False,,"Ingredientes frescos fazem toda a diferença no sabor, né? Que bom que você percebeu o nosso cuidado. Volte logo para comer mais coisas gostosas!",32,6.051338,424.680754,0.002355,True,False,,"Obrigada por compartilhar! Legal que a experiência teve pontos positivos, e sentimos pelo acompanhamento sem sabor. Esperamos você de volta!",27,6.250183,518.107437,0.00193,True,False,
63,"Fui no comemoração de namoro e gostei bastante. Ambiente bonito, atendimento muito bom e o peixe à delícia veio ótimo. O Augusto atendeu super bem. Voltarei!",Agradecemos a preferência e sua avaliação. ❤️,Coco Bambu Manaus,after,"Que alegria ler isso! Ficamos muito felizes que você tenha gostado da experiência. Trabalhamos com muito carinho para proporcionar momentos especiais. Volte sempre, vai ser um prazer te receber novamente!",38,4.748978,115.466179,0.008661,True,False,,Celebrar com a família é o que há de melhor! Ficamos honrados por sermos o lugar escolhido para o seu encontro. Esperamos vocês de volta em breve!,34,4.027632,56.12783,0.017816,True,False,,Oi! Ficamos super felizes em saber disso! Adoramos saber que o comemoração de namoro foi especial. Apareça mais vezes!,26,5.899218,364.75215,0.002742,True,False,
64,"Gostei do ambiente e do serviço, porém o prato demorou além do normal. Ainda assim, a comida estava saborosa.","Sentimos muito por não termos atendido suas expectativas desta vez. Seu feedback é importante para seguirmos evoluindo. Caso deseje, compartilhe mais detalhes com a nossa equipe pelo link da unidade. Att,",Coco Bambu Manaus,after,Oi! Obrigado por compartilhar sua experiência com a gente. Seu feedback é muito importante e nos ajuda a melhorar cada vez mais. Esperamos te ver novamente em breve para uma visita ainda mais especial!,40,4.044517,57.083583,0.017518,True,False,,"Oi! Sentimos muito se o tempero não estava no ponto ideal. A gente quer que cada garfada seja perfeita, então vamos rever isso com a cozinha. Valeu pelo toque!",38,5.544002,255.699277,0.003911,True,False,,"Valeu pelo retorno! Legal que a experiência teve pontos positivos, e sentimos pelo prato demorou além do normal. Valeu e volte sempre!",28,6.401096,602.505229,0.00166,True,False,
65,"Fui no aniversário e gostei bastante. Ambiente bonito, atendimento muito bom e o mignon com fritas veio ótimo. O Matheus atendeu super bem. Voltarei!",Que alegria saber da sua experiência! Obrigado por compartilhar e esperamos te receber novamente em breve. ✨,Coco Bambu Manaus,after,"Que alegria ler isso! Ficamos muito felizes que você tenha gostado da experiência. Trabalhamos com muito carinho para proporcionar momentos especiais. Volte sempre, vai ser um prazer te receber novamente!",38,4.748978,115.466179,0.008661,True,False,,Que bom que o manobrista facilitou sua chegada! A gente quer que sua única preocupação seja escolher o prato. Apareça sempre!,26,5.243294,189.292561,0.005283,True,False,,Oi! Que bom que gostou da experiência! O mignon com fritas é incrível mesmo. Volte sempre!,23,6.319098,555.072354,0.001802,True,False,
66,"Esperava mais. O ambiente é bonito, mas houve garçom pouco atento e o peixe à delícia não veio como imaginei.","Olá! Agradecemos por nos contar o que aconteceu. Sabemos da importância de uma boa experiência e vamos direcionar sua mensagem para análise da equipe responsável. Att,",Coco Bambu Manaus,after,Oi! Obrigado por compartilhar sua experiência com a gente. Seu feedback é muito importante e nos ajuda a melhorar cada vez mais. Esperamos te ver novamente em breve para uma visita ainda mais especial!,40,4.044517,57.083583,0.017518,True,False,,"Ficamos felizes que, mesmo com a casa cheia, você sentiu o empenho da nossa equipe! A gente se desdobra para atender todo mundo com carinho. Volte logo!",34,5.004559,149.091254,0.006707,True,False,,"Oi! Obrigada pelo feedback! Que bom saber que alguns pontos agradaram, mas pedimos desculpas pelo garçom pouco atento. Valeu e volte sempre!",33,5.86519,352.548976,0.002836,True,False,
67,"Fui no happy hour e gostei bastante. Ambiente bonito, atendimento muito bom e o camarão iracema veio ótimo. O Bruno atendeu super bem. Voltarei!",Ficamos muito felizes com seu comentário! É um prazer receber você por aqui. Volte sempre! 😊,Coco Bambu Manaus,after,"Que alegria ler isso! Ficamos muito felizes que você tenha gostado da experiência. Trabalhamos com muito carinho para proporcionar momentos especiais. Volte sempre, vai ser um prazer te receber novamente!",38,4.748978,115.466179,0.008661,True,False,,"Oi! Obrigado pelo feedback sobre a distância entre as mesas. A gente quer que todos tenham privacidade e conforto, então vamos avaliar o layout do salão. Até a próxima!",35,4.869368,130.23859,0.007678,True,False,,Oi! Ficamos super felizes em saber disso! Adoramos saber que o happy hour foi especial. Volte sempre!,26,5.763095,318.332012,0.003141,True,False,
68,"Fui com a família e a experiência foi boa, mas o camarão iracema poderia estar melhor. Atendimento cordial, só achei a música um pouco alta.",Obrigado por compartilhar sua experiência com a gente. Seus pontos serão observados com atenção pela nossa equipe. Esperamos ter a chance de te surpreender positivamente em uma próxima visita.,Coco Bambu Manaus,after,Oi! Obrigado por compartilhar sua experiência com a gente. Seu feedback é muito importante e nos ajuda a melhorar cada vez mais. Esperamos te ver novamente em breve para uma visita ainda mais especial!,40,4.044517,57.083583,0.017518,True,False,,"Nossos drinks artesanais são feitos com misturas especiais, que bom que você gostou! O bar capricha muito nas receitas. Qual será o próximo que você vai provar?",34,6.205388,495.410936,0.002019,True,False,,"Oi! Ficamos gratos pelo feedback! Que bom saber que alguns pontos agradaram, mas pedimos desculpas pelo música um pouco alta. Esperamos você de volta!",34,5.247683,190.125247,0.00526,True,False,
69,"Experiência muito agradável. Casa cheia, mas conseguiram nos acomodar bem. Pedimos bolinho de bacalhau e margarita, tudo muito bom.",Muito obrigado pela visita! Ficamos felizes em saber que você aproveitou sua experiência conosco. 🍽️,Coco Bambu Manaus,after,"Que alegria ler isso! Ficamos muito felizes que você tenha gostado da experiência. Trabalhamos com muito carinho para proporcionar momentos especiais. Volte sempre, vai ser um prazer te receber novamente!",38,4.748978,115.466179,0.008661,True,False,,Foi um prazer enorme receber você! Esperamos que sua experiência tenha sido nota dez. Já estamos ansiosos para te ver de novo no Coco Bambu!,30,5.413347,224.381284,0.004457,True,False,,Oi! Que bom que gostou da experiência! O bolinho de bacalhau é incrível mesmo. Volte sempre!,22,6.062572,429.478433,0.002328,True,False,
70,"Fui com a família e a experiência foi boa, mas o bolinho de bacalhau poderia estar melhor. Atendimento cordial, só achei a música um pouco alta.",Obrigado por compartilhar sua experiência com a gente. Seus pontos serão observados com atenção pela nossa equipe. Esperamos ter a chance de te surpreender positivamente em uma próxima visita.,Coco Bambu Manaus,after,Oi! Obrigado por compartilhar sua experiência com a gente. Seu feedback é muito importante e nos ajuda a melhorar cada vez mais. Esperamos te ver novamente em breve para uma visita ainda mais especial!,40,4.044517,57.083583,0.017518,True,False,,Que alegria saber que você se sentiu bem em nosso restaurante! A gente quer proporcionar um refúgio de tranquilidade e sabor para você. Volte sempre!,28,5.665078,288.610401,0.003465,True,False,,"Oi! Obrigada pelo feedback! Que bom saber que alguns pontos agradaram, e sentimos pelo música um pouco alta. Esperamos você de volta!",32,5.593599,268.700894,0.003722,True,False,
71,"Esperava mais. O ambiente é bonito, mas houve acompanhamento sem sabor e o medalhão ao molho madeira não veio como imaginei.","Sentimos muito por não termos atendido suas expectativas desta vez. Seu feedback é importante para seguirmos evoluindo. Caso deseje, compartilhe mais detalhes com a nossa equipe pelo link da unidade. Att,",Coco Bambu Manaus,after,Oi! Obrigado por compartilhar sua experiência com a gente. Seu feedback é muito importante e nos ajuda a melhorar cada vez mais. Esperamos te ver novamente em breve para uma visita ainda mais especial!,40,4.044517,57.083583,0.017518,True,False,,"Oi! Pedimos desculpas por não ter algum item do cardápio. Às vezes a procura é maior que o esperado, mas vamos tentar manter tudo sempre disponível. Valeu pela compreensão!",37,4.637334,103.268702,0.009683,True,False,,"Valeu pelo retorno! Que bom saber que alguns pontos agradaram, e vamos caprichar mais no medalhão ao molho madeira. Valeu e volte sempre!",31,6.20434,494.891974,0.002021,True,False,
72,"Lugar excelente para happy hour. Comida saborosa, drinks bem feitos e equipe simpática. Destaque para o lagosta grelhada.",Muito obrigado pela visita! Ficamos felizes em saber que você aproveitou sua experiência conosco. 🍽️,Coco Bambu Manaus,after,"Que alegria ler isso! Ficamos muito felizes que você tenha gostado da experiência. Trabalhamos com muito carinho para proporcionar momentos especiais. Volte sempre, vai ser um prazer te receber novamente!",38,4.748978,115.466179,0.008661,True,False,,Que bom que você achou o custo-benefício legal para grupos! Nossos pratos fartos são ideais para dividir com quem a gente gosta. Traga a turma toda na próxima!,36,5.698429,298.398139,0.003351,True,False,,Oi! Que bom que gostou da experiência! Ficamos felizes que o lagosta grelhada agradou. Esperamos você de volta!,27,5.391259,219.479474,0.004556,True,False,
73,"Lugar bonito e comida boa, porém tivemos demora no atendimento. No geral foi ok, mas esperava um pouco mais pelo valor.","Olá! Lamentamos pela sua experiência. Trabalhamos diariamente para melhorar e gostaríamos de entender melhor o ocorrido. Se puder, fale com a gente pelo link da unidade: https://qr.cocobambu.com/Manaus_donos Att,",Coco Bambu Manaus,after,"Oi! Sentimos muito que sua experiência não tenha sido como esperávamos. A gente leva seu feedback com carinho e atenção, pois ele nos ajuda a melhorar sempre. Esperamos ter a chance de te receber novamente para uma experiência melhor.",47,4.531028,92.853947,0.01077,True,False,,"O Arroz de Marisco é um sucesso, ficamos felizes que você adorou! É um prato cheio de sabor e tradição. Esperamos você para repetir a dose!",34,4.575566,97.083001,0.0103,True,False,,"Oi! Obrigada pelo feedback! Que bom saber que alguns pontos agradaram, e sentimos pelo demora. Volte pra dar uma nova chance!",31,5.554603,258.424375,0.00387,True,False,
74,"Lugar bonito e comida boa, porém tivemos ponto da carne diferente do pedido. No geral foi ok, mas esperava um pouco mais pelo valor.","Olá! Agradecemos pela sua avaliação. Seu feedback é fundamental para continuarmos aprimorando nosso serviço e proporcionando momentos especiais. Esperamos te receber novamente em breve! Atenciosamente,",Coco Bambu Manaus,after,Oi! Obrigado por compartilhar sua experiência com a gente. Seu feedback é muito importante e nos ajuda a melhorar cada vez mais. Esperamos te ver novamente em breve para uma visita ainda mais especial!,40,4.044517,57.08361,0.017518,True,False,,Oi! Pedimos desculpas se o serviço pareceu um pouco ausente. A gente quer estar sempre por perto para o que você precisar. Vamos reforçar a atenção da equipe!,33,5.000184,148.440478,0.006737,True,False,,"Obrigada por compartilhar! Legal que a experiência teve pontos positivos, mas pedimos desculpas pelo ponto da carne diferente do pedido. Esperamos você de volta!",31,5.81029,333.716002,0.002997,True,False,
75,Restaurante muito bonito e acolhedor. Só deixo a observação de que houve ponto da carne diferente do pedido e isso atrapalhou um pouco.,Agradecemos sua visita e também sua observação. Cada comentário nos ajuda a evoluir e a entregar uma experiência cada vez melhor.,Coco Bambu Manaus,after,Oi! Obrigado por compartilhar sua experiência com a gente. Seu feedback é muito importante e nos ajuda a melhorar cada vez mais. Esperamos te ver novamente em breve para uma visita ainda mais especial!,40,4.044517,57.08361,0.017518,True,False,,"Que bom saber que nossa estrutura de acessibilidade funcionou bem para você! Queremos ser um lugar acolhedor para todos, sem exceção. Volte sempre!",29,5.011286,150.097676,0.006662,True,False,,"Obrigada por compartilhar! Que bom saber que alguns pontos agradaram, e sentimos pelo ponto da carne diferente do pedido. Valeu e volte sempre!",31,6.384601,592.648288,0.001687,True,False,
76,"Lugar excelente para aniversário. Comida saborosa, drinks bem feitos e equipe simpática. Destaque para o camarão jangadeiro.",Que alegria saber da sua experiência! Obrigado por compartilhar e esperamos te receber novamente em breve. ✨,Coco Bambu Manaus,after,"Que alegria ler isso! Ficamos muito felizes que você tenha gostado da experiência. Trabalhamos com muito carinho para proporcionar momentos especiais. Volte sempre, vai ser um prazer te receber novamente!",38,4.748978,115.466179,0.008661,True,False,,Nosso cardápio é gigante para ter opção para todo mundo mesmo! Que bom que você encontrou algo que gostou. Tem muito mais para você descobrir nas próximas visitas!,31,5.831377,340.827686,0.002934,True,False,,Ficamos muito contentes com seu feedback! Adoramos saber que o aniversário foi especial. Volte sempre!,22,5.856653,349.552141,0.002861,True,False,
77,"Gostei do ambiente e do serviço, porém o prato demorou além do normal. Ainda assim, a comida estava saborosa.","Olá! Lamentamos pela sua experiência. Trabalhamos diariamente para melhorar e gostaríamos de entender melhor o ocorrido. Se puder, fale com a gente pelo link da unidade: https://qr.cocobambu.com/Manaus_donos Att,",Coco Bambu Manaus,after,Oi! Obrigado por compartilhar sua experiência com a gente. Seu feedback é muito importante e nos ajuda a melhorar cada vez mais. Esperamos te ver novamente em breve para uma visita ainda mais especial!,40,4.044517,57.08361,0.017518,True,False,,Oi! Pedimos desculpas pela demora no drink. Vamos ver o que houve no bar para as bebidas saírem mais rápido. Obrigado por nos contar!,31,4.954354,141.790953,0.007053,True,False,,"Oi! Obrigada pelo feedback! Ficamos felizes que parte da experiência foi boa, e sentimos pelo prato demorou além do normal. Esperamos você de volta!",34,5.295738,199.48474,0.005013,True,False,
78,"Fui com a família e a experiência foi boa, mas o medalhão ao molho madeira poderia estar melhor. Atendimento cordial, só achei a música um pouco alta.",Obrigado por compartilhar sua experiência com a gente. Seus pontos serão observados com atenção pela nossa equipe. Esperamos ter a chance de te surpreender positivamente em uma próxima visita.,Coco Bambu Manaus,after,Oi! Obrigado por compartilhar sua experiência com a gente. Seu feedback é muito importante e nos ajuda a melhorar cada vez mais. Esperamos te ver novamente em breve para uma visita ainda mais especial!,40,4.044517,57.08361,0.017518,True,False,,Manaus é uma cidade linda e a gente adora estar aqui! Que bom que a localização e a vista ajudaram no seu passeio. Apareça mais vezes para curtir o visual!,35,5.247073,190.009239,0.005263,True,False,,"Oi! Obrigada pelo feedback! Que bom saber que alguns pontos agradaram, e sentimos pelo música um pouco alta. Esperamos você de volta!",32,5.593599,268.700894,0.003722,True,False,
79,"Fui com a família e a experiência foi boa, mas o mignon com fritas poderia estar melhor. Atendimento cordial, só achei a música um pouco alta.",Obrigado por compartilhar sua experiência com a gente. Seus pontos serão observados com atenção pela nossa equipe. Esperamos ter a chance de te surpreender positivamente em uma próxima visita.,Coco Bambu Manaus,after,Oi! Obrigado por compartilhar sua experiência com a gente. Seu feedback é muito importante e nos ajuda a melhorar cada vez mais. Esperamos te ver novamente em breve para uma visita ainda mais especial!,40,4.044517,57.08361,0.017518,True,False,,Muito obrigado pela sua avaliação positiva! É um combustível para nossa equipe continuar dando o melhor de si todos os dias. Até breve!,25,5.160246,174.207287,0.00574,True,False,,"Oi! Ficamos gratos pelo feedback! Que bom saber que alguns pontos agradaram, mas pedimos desculpas pelo música um pouco alta. Esperamos você de volta!",34,5.247683,190.125247,0.00526,True,False,
80,"Lugar excelente para almoço de trabalho. Comida saborosa, drinks bem feitos e equipe simpática. Destaque para o camarão jangadeiro.",Que alegria saber da sua experiência! Obrigado por compartilhar e esperamos te receber novamente em breve. ✨,Coco Bambu Manaus,after,"Que alegria ler isso! Ficamos muito felizes que você tenha gostado da experiência. Trabalhamos com muito carinho para proporcionar momentos especiais. Volte sempre, vai ser um prazer te receber novamente!",38,4.748978,115.466179,0.008661,True,False,,Que show! O pessoal do atendimento vai adorar saber que você gostou do serviço. A hospitalidade é o que nos move. Valeu demais!,28,5.480612,239.993605,0.004167,True,False,,Oi! Ficamos super felizes em saber disso! O camarão jangadeiro é um dos favoritos da casa. Esperamos você de volta!,28,4.853019,128.12659,0.007805,True,False,
81,Restaurante muito bonito e acolhedor. Só deixo a observação de que houve tempo de espera acima do esperado e isso atrapalhou um pouco.,Agradecemos sua visita e também sua observação. Cada comentário nos ajuda a evoluir e a entregar uma experiência cada vez melhor.,Coco Bambu Manaus,after,Oi! Obrigado por compartilhar sua experiência com a gente. Seu feedback é muito importante e nos ajuda a melhorar cada vez mais. Esperamos te ver novamente em breve para uma visita ainda mais especial!,40,4.044517,57.083583,0.017518,True,False,,"Oi! Pedimos desculpas pelo som alto. Queremos que o ambiente seja relaxante para todos, então vamos controlar melhor o volume. Valeu pelo feedback!",33,4.84534,127.146476,0.007865,True,False,,"Oi! Obrigada pelo feedback! Que bom saber que alguns pontos agradaram, mas pedimos desculpas pelo tempo de espera acima do esperado. Esperamos você de volta!",35,4.899469,134.218541,0.007451,True,False,
82,"Esperava mais. O ambiente é bonito, mas houve garçom pouco atento e o peixe à delícia não veio como imaginei.","Sentimos muito por não termos atendido suas expectativas desta vez. Seu feedback é importante para seguirmos evoluindo. Caso deseje, compartilhe mais detalhes com a nossa equipe pelo link da unidade. Att,",Coco Bambu Manaus,after,Oi! Obrigado por compartilhar sua experiência com a gente. Seu feedback é muito importante e nos ajuda a melhorar cada vez mais. Esperamos te ver novamente em breve para uma visita ainda mais especial!,40,4.044517,57.083583,0.017518,True,False,,Ficamos muito felizes em ser o cenário do seu jantar romântico! Esperamos que tenha sido uma noite inesquecível para o casal. Voltem para celebrar mais datas aqui!,33,4.707113,110.731991,0.009031,True,False,,"Obrigada por compartilhar! Que bom saber que alguns pontos agradaram, e vamos caprichar mais no peixe à delícia. Esperamos você de volta!",32,5.873376,355.446908,0.002813,True,False,
83,"Lugar excelente para jantar em família. Comida saborosa, drinks bem feitos e equipe simpática. Destaque para o bolinho de bacalhau.",Muito obrigado pela visita! Ficamos felizes em saber que você aproveitou sua experiência conosco. 🍽️,Coco Bambu Manaus,after,"Que alegria ler isso! Ficamos muito felizes que você tenha gostado da experiência. Trabalhamos com muito carinho para proporcionar momentos especiais. Volte sempre, vai ser um prazer te receber novamente!",38,4.748978,115.466179,0.008661,True,False,,"Nossas entradas são ótimas para abrir o apetite, né? Que bom que você começou a refeição com o pé direito. Já estamos te esperando para o prato principal da próxima vez!",35,5.533611,253.056003,0.003952,True,False,,Obrigada por compartilhar! O bolinho de bacalhau é um dos favoritos da casa. Esperamos você de volta!,23,5.190536,179.564778,0.005569,True,False,
84,"Gostei do ambiente e do serviço, porém o prato demorou além do normal. Ainda assim, a comida estava saborosa.","Olá! Lamentamos pela sua experiência. Trabalhamos diariamente para melhorar e gostaríamos de entender melhor o ocorrido. Se puder, fale com a gente pelo link da unidade: https://qr.cocobambu.com/Manaus_donos Att,",Coco Bambu Manaus,after,Oi! Obrigado por compartilhar sua experiência com a gente. Seu feedback é muito importante e nos ajuda a melhorar cada vez mais. Esperamos te ver novamente em breve para uma visita ainda mais especial!,40,4.044517,57.083583,0.017518,True,False,,Oi! Pedimos desculpas se algo não estava 100% limpo. A higiene é prioridade para nós e vamos reforçar a limpeza em todos os cantos. Obrigado por avisar!,34,4.829424,125.138908,0.007991,True,False,,"Oi! Obrigada pelo feedback! Que bom saber que alguns pontos agradaram, mas pedimos desculpas pelo prato demorou além do normal. Volte pra dar uma nova chance!",36,5.485661,241.208337,0.004146,True,False,
85,"Preço alto para uma experiência mediana. O local é bonito, mas o serviço e o prato ficaram abaixo.","Sentimos muito por não termos atendido suas expectativas desta vez. Seu feedback é importante para seguirmos evoluindo. Caso deseje, compartilhe mais detalhes com a nossa equipe pelo link da unidade. Att,",Coco Bambu Manaus,after,Oi! Obrigado por compartilhar sua experiência com a gente. Seu feedback é muito importante e nos ajuda a melhorar cada vez mais. Esperamos te ver novamente em breve para uma visita ainda mais especial!,40,4.044517,57.083583,0.017518,True,False,,Que bom que o sistema de reservas funcionou bem e facilitou sua vida! A gente quer que sua experiência seja sem estresse do começo ao fim. Volte logo!,31,5.522114,250.163393,0.003997,True,False,,Pedimos desculpas! Vamos melhorar o serviço e o prato ficaram abaixo. Dá uma nova chance pra gente?,20,6.117702,453.820402,0.002204,True,False,
86,"Gostei do ambiente e do serviço, porém o prato demorou além do normal. Ainda assim, a comida estava saborosa.","Olá! Lamentamos pela sua experiência. Trabalhamos diariamente para melhorar e gostaríamos de entender melhor o ocorrido. Se puder, fale com a gente pelo link da unidade: https://qr.cocobambu.com/Manaus_donos Att,",Coco Bambu Manaus,after,Oi! Obrigado por compartilhar sua experiência com a gente. Seu feedback é muito importante e nos ajuda a melhorar cada vez mais. Esperamos te ver novamente em breve para uma visita ainda mais especial!,40,4.044517,57.083583,0.017518,True,False,,"Nossos pratos autorais são feitos para surpreender, que alegria que você gostou dos sabores! A gente ama inovar na cozinha. Apareça para provar as novidades!",31,5.713964,303.0702,0.0033,True,False,,"Obrigada por compartilhar! Legal que a experiência teve pontos positivos, mas pedimos desculpas pelo prato demorou além do normal. Esperamos você de volta!",30,5.858658,350.253731,0.002855,True,False,
87,"Lugar bonito e comida boa, porém tivemos música muito alta. No geral foi ok, mas esperava um pouco mais pelo valor.",Obrigado por compartilhar sua experiência com a gente. Seus pontos serão observados com atenção pela nossa equipe. Esperamos ter a chance de te surpreender positivamente em uma próxima visita.,Coco Bambu Manaus,after,Oi! Obrigado por compartilhar sua experiência com a gente. Seu feedback é muito importante e nos ajuda a melhorar cada vez mais. Esperamos te ver novamente em breve para uma visita ainda mais especial!,40,4.044517,57.083583,0.017518,True,False,,Oi! Sentimos muito pela lentidão na reposição do buffet. Vamos conversar com a equipe para garantir que as travessas estejam sempre cheias e fresquinhas. Valeu!,37,4.776806,118.72458,0.008423,True,False,,"Oi! Ficamos gratos pelo feedback! Que bom saber que alguns pontos agradaram, e sentimos pelo música muito alta. Esperamos você de volta!",32,5.469069,237.239108,0.004215,True,False,
88,"Gostei do ambiente e do serviço, porém o prato demorou além do normal. Ainda assim, a comida estava saborosa.","Olá! Lamentamos pela sua experiência. Trabalhamos diariamente para melhorar e gostaríamos de entender melhor o ocorrido. Se puder, fale com a gente pelo link da unidade: https://qr.cocobambu.com/Manaus_donos Att,",Coco Bambu Manaus,after,Oi! Obrigado por compartilhar sua experiência com a gente. Seu feedback é muito importante e nos ajuda a melhorar cada vez mais. Esperamos te ver novamente em breve para uma visita ainda mais especial!,40,4.044517,57.08361,0.017518,True,False,,"Doces com toque regional são a nossa cara, que bom que você aprovou! Nossa confeitaria usa o que há de melhor na nossa terra. Já sabe qual vai pedir na próxima?",37,5.339471,208.402408,0.004798,True,False,,"Oi! Obrigada pelo feedback! Legal que a experiência teve pontos positivos, e sentimos pelo prato demorou além do normal. Esperamos você de volta!",32,5.886581,360.171901,0.002776,True,False,
89,"Experiência muito agradável. Casa cheia, mas conseguiram nos acomodar bem. Pedimos lagosta grelhada e aperol spritz, tudo muito bom.",Muito obrigado pela visita! Ficamos felizes em saber que você aproveitou sua experiência conosco. 🍽️,Coco Bambu Manaus,after,"Que alegria ler isso! Ficamos muito felizes que você tenha gostado da experiência. Trabalhamos com muito carinho para proporcionar momentos especiais. Volte sempre, vai ser um prazer te receber novamente!",38,4.748978,115.466179,0.008661,True,False,,Muito obrigado pelo carinho e pela visita! Ficamos felizes demais com seu feedback. Desejamos tudo de bom e esperamos te ver em breve no Coco Bambu!,33,5.472386,238.027535,0.004201,True,False,,Ficamos super felizes com seu comentário! Ficamos felizes que o lagosta grelhada agradou. Esperamos você de volta!,26,5.606481,272.184753,0.003674,True,False,
90,"Esperava mais. O ambiente é bonito, mas houve tempo de espera acima do esperado e o casquinha de caranguejo não veio como imaginei.","Sentimos muito por não termos atendido suas expectativas desta vez. Seu feedback é importante para seguirmos evoluindo. Caso deseje, compartilhe mais detalhes com a nossa equipe pelo link da unidade. Att,",Coco Bambu Manaus,after,Oi! Obrigado por compartilhar sua experiência com a gente. Seu feedback é muito importante e nos ajuda a melhorar cada vez mais. Esperamos te ver novamente em breve para uma visita ainda mais especial!,40,4.044517,57.08361,0.017518,True,False,,Que bom que você se sentiu confortável com nosso mobiliário! A gente escolheu tudo pensando no seu bem-estar. Volte sempre para relaxar com a gente!,31,4.883854,132.138936,0.007568,True,False,,"Valeu pelo retorno! Que bom saber que alguns pontos agradaram, mas pedimos desculpas pelo tempo de espera acima do esperado. Valeu e volte sempre!",31,5.343333,209.208794,0.00478,True,False,
91,"Infelizmente minha visita não foi boa. Atendimento confuso, demora e pouca atenção da equipe.","Olá! Agradecemos por nos contar o que aconteceu. Sabemos da importância de uma boa experiência e vamos direcionar sua mensagem para análise da equipe responsável. Att,",Coco Bambu Manaus,after,"Oi! Sentimos muito que sua experiência não tenha sido como esperávamos. A gente leva seu feedback com carinho e atenção, pois ele nos ajuda a melhorar sempre. Esperamos ter a chance de te receber novamente para uma experiência melhor.",47,4.531028,92.853947,0.01077,True,False,,"Oi! Pedimos desculpas se o atendimento pareceu um pouco frio. A gente gosta de proximidade e calor humano, então vamos conversar com a equipe sobre isso. Valeu pelo toque!",36,5.195259,180.414881,0.005543,True,False,,Oi! Sentimos muito pela experiência. O atendimento confuso não é o padrão que queremos oferecer. Dá uma nova chance pra gente?,26,5.276446,195.673283,0.005111,True,False,
92,"Infelizmente minha visita não foi boa. Atendimento confuso, demora e pouca atenção da equipe.","Olá! Agradecemos por nos contar o que aconteceu. Sabemos da importância de uma boa experiência e vamos direcionar sua mensagem para análise da equipe responsável. Att,",Coco Bambu Manaus,after,"Oi! Sentimos muito que sua experiência não tenha sido como esperávamos. A gente leva seu feedback com carinho e atenção, pois ele nos ajuda a melhorar sempre. Esperamos ter a chance de te receber novamente para uma experiência melhor.",47,4.531028,92.853947,0.01077,True,False,,"Carne de sol com queijo coalho é uma combinação perfeita, né? Ficamos felizes que você se deliciou com esse sabor tão brasileiro. Até a próxima visita!",33,5.305105,201.36209,0.004966,True,False,,Pedimos desculpas pela frustração. O atendimento confuso não é o padrão que queremos oferecer. Dá uma nova chance pra gente?,23,5.576787,264.221422,0.003785,True,False,
93,"Gostei da experiência. Atendimento rápido, comida bem servida e ambiente aconchegante. Ótima opção em Manaus.",Que alegria saber da sua experiência! Obrigado por compartilhar e esperamos te receber novamente em breve. ✨,Coco Bambu Manaus,after,Oi! Obrigado por compartilhar sua experiência com a gente. Seu feedback é muito importante e nos ajuda a melhorar cada vez mais. Esperamos te ver novamente em breve para uma visita ainda mais especial!,40,4.044517,57.08361,0.017518,True,False,,Que legal que seu pedido para viagem chegou rapidinho e bem feito! A gente quer levar a experiência do restaurante para dentro da sua casa também. Bom apetite!,32,5.765239,319.015204,0.003135,True,False,,Ficamos super felizes com seu comentário! Adoramos saber que a experiência foi boa. Volte logo para nos visitar!,24,5.65894,286.84438,0.003486,True,False,
94,"Fui com a família e a experiência foi boa, mas o casquinha de caranguejo poderia estar melhor. Atendimento cordial, só achei a música um pouco alta.",Obrigado por compartilhar sua experiência com a gente. Seus pontos serão observados com atenção pela nossa equipe. Esperamos ter a chance de te surpreender positivamente em uma próxima visita.,Coco Bambu Manaus,after,Oi! Obrigado por compartilhar sua experiência com a gente. Seu feedback é muito importante e nos ajuda a melhorar cada vez mais. Esperamos te ver novamente em breve para uma visita ainda mais especial!,40,4.044517,57.08361,0.017518,True,False,,"Oi! Sentimos muito pelo barulho de manutenção. A gente tenta fazer tudo nos horários de folga, mas às vezes acontece um imprevisto. Obrigado pela paciência!",33,4.607241,100.207264,0.009979,True,False,,"Obrigada por compartilhar! Que bom saber que alguns pontos agradaram, e vamos caprichar mais no casquinha de caranguejo. Volte pra dar uma nova chance!",35,5.557459,259.163556,0.003859,True,False,
95,"Gostei da experiência. Atendimento rápido, comida bem servida e ambiente aconchegante. Ótima opção em Manaus.",Que alegria saber da sua experiência! Obrigado por compartilhar e esperamos te receber novamente em breve. ✨,Coco Bambu Manaus,after,Oi! Obrigado por compartilhar sua experiência com a gente. Seu feedback é muito importante e nos ajuda a melhorar cada vez mais. Esperamos te ver novamente em breve para uma visita ainda mais especial!,40,4.044517,57.08361,0.017518,True,False,,É um orgulho enorme ser uma referência em Manaus para você! Muito obrigado pela confiança no nosso trabalho. Continuaremos nos esforçando para ser sua melhor escolha!,31,4.911429,135.833437,0.007362,True,False,,Ficamos super felizes com seu comentário! A gente trabalha com carinho para oferecer o melhor. Esperamos você de volta!,24,5.167822,175.532175,0.005697,True,False,
96,"Fui no almoço de trabalho e gostei bastante. Ambiente bonito, atendimento muito bom e o medalhão ao molho madeira veio ótimo. O Camila atendeu super bem. Voltarei!",Muito obrigado pela visita! Ficamos felizes em saber que você aproveitou sua experiência conosco. 🍽️,Coco Bambu Manaus,after,"Que alegria ler isso! Ficamos muito felizes que você tenha gostado da experiência. Trabalhamos com muito carinho para proporcionar momentos especiais. Volte sempre, vai ser um prazer te receber novamente!",38,4.748978,115.466179,0.008661,True,False,,"Nossa adega é organizada com muito zelo, que bom que você notou! Temos opções para todos os gostos e momentos. Volte logo para mais uma taça!",31,5.746801,313.187139,0.003193,True,False,,Ficamos super felizes com seu comentário! Adoramos saber que o almoço de trabalho foi especial. Esperamos você de volta!,25,5.255847,191.683769,0.005217,True,False,
97,"Infelizmente minha visita não foi boa. Atendimento confuso, demora e pouca atenção da equipe.","Olá! Agradecemos por nos contar o que aconteceu. Sabemos da importância de uma boa experiência e vamos direcionar sua mensagem para análise da equipe responsável. Att,",Coco Bambu Manaus,after,"Oi! Sentimos muito que sua experiência não tenha sido como esperávamos. A gente leva seu feedback com carinho e atenção, pois ele nos ajuda a melhorar sempre. Esperamos ter a chance de te receber novamente para uma experiência melhor.",47,4.531028,92.853947,0.01077,True,False,,"Oi! Obrigado pela opinião sobre o espaço entre as mesas. Queremos que você tenha total conforto, então vamos pensar em como melhorar a circulação. Até breve!",33,5.240766,188.814688,0.005296,True,False,,"Sentimos muito mesmo! Vamos melhorar o atendimento confuso. Obrigado por nos contar, vamos melhorar!",19,5.862179,351.489136,0.002845,True,False,
98,"Lugar bonito e comida boa, porém tivemos garçom pouco atento. No geral foi ok, mas esperava um pouco mais pelo valor.","Olá! Agradecemos pela sua avaliação. Seu feedback é fundamental para continuarmos aprimorando nosso serviço e proporcionando momentos especiais. Esperamos te receber novamente em breve! Atenciosamente,",Coco Bambu Manaus,after,Oi! Obrigado por compartilhar sua experiência com a gente. Seu feedback é muito importante e nos ajuda a melhorar cada vez mais. Esperamos te ver novamente em breve para uma visita ainda mais especial!,40,4.044517,57.08361,0.017518,True,False,,"Os pequenos detalhes são o que tornam a visita especial, que bom que você percebeu! A gente faz tudo com muito capricho para você. Valeu pela visita!",32,5.131499,169.270633,0.005908,True,False,,"Obrigada por compartilhar! Ficamos felizes que parte da experiência foi boa, mas pedimos desculpas pelo garçom pouco atento. Valeu e volte sempre!",31,5.625168,277.31896,0.003606,True,False,
99,Restaurante muito bonito e acolhedor. Só deixo a observação de que houve garçom pouco atento e isso atrapalhou um pouco.,Agradecemos sua visita e também sua observação. Cada comentário nos ajuda a evoluir e a entregar uma experiência cada vez melhor.,Coco Bambu Manaus,after,Oi! Obrigado por compartilhar sua experiência com a gente. Seu feedback é muito importante e nos ajuda a melhorar cada vez mais. Esperamos te ver novamente em breve para uma visita ainda mais especial!,40,4.044517,57.08361,0.017518,True,False,,Fechar com chave de ouro é bom demais! Muito obrigado por esses 100 comentários de carinho e feedbacks. O Coco Bambu Manaus estará sempre de portas abertas para você!,35,6.003478,404.834382,0.00247,True,False,,"Obrigada por compartilhar! Ficamos felizes que parte da experiência foi boa, e sentimos pelo garçom pouco atento. Volte pra dar uma nova chance!",32,5.47627,238.953793,0.004185,True,False,
